"","FDP","FDS","EIP","EDC","LUM","DI","PI","FDP_1","FDS_1","EIP_1","EDC_1","LUM_1","DI_1","PI_1","FDP_2","FDS_2","EIP_2","EDC_2","LUM_2","DI_2","PI_2","FDP_3","FDS_3","EIP_3","EDC_3","LUM_3","DI_3","PI_3","FDP_4","FDS_4","EIP_4","EDC_4","LUM_4","DI_4","PI_4","FDP_5","FDS_5","EIP_5","EDC_5","LUM_5","DI_5","PI_5","FDP_6","FDS_6","EIP_6","EDC_6","LUM_6","DI_6","PI_6","dir","rhs"
"Fx","6.7","17","-0.27","-0.76","-1.2","0.4","-1.7","0","0","0","0","0","0","0","0","0","0","0","0","0","0","0","0","0","0","0","0","0","0","0","0","0","0","0","0","0","0","0","0","0","0","0","0","0","0","0","0","0","0","=","0"
"Fy","2.3","4.4","0.61","0.16","-0.19","-3.9","4.9","0","0","0","0","0","0","0","0","0","0","0","0","0","0","0","0","0","0","0","0","0","0","0","0","0","0","0","0","0","0","0","0","0","0","0","0","0","0","0","0","0","0","=","0"
"Fz","0.88","-1.1","1.1","2.7","-2.6","-2.5","-8.6","0","0","0","0","0","0","0","0","0","0","0","0","0","0","0","0","0","0","0","0","0","0","0","0","0","0","0","0","0","0","0","0","0","0","0","0","0","0","0","0","0","0","=","-1"
"tx","-0.039","0.18","0.0043","0.018","-0.019","0.014","0.015","0","0","0","0","0","0","0","0","0","0","0","0","0","0","0","0","0","0","0","0","0","0","0","0","0","0","0","0","0","0","0","0","0","0","0","0","0","0","0","0","0","0","=","0"
"Fx_1","0","0","0","0","0","0","0","6.7","17","-0.27","-0.76","-1.2","0.4","-1.7","0","0","0","0","0","0","0","0","0","0","0","0","0","0","0","0","0","0","0","0","0","0","0","0","0","0","0","0","0","0","0","0","0","0","0","=","0.130526192220052"
"Fy_1","0","0","0","0","0","0","0","2.3","4.4","0.61","0.16","-0.19","-3.9","4.9","0","0","0","0","0","0","0","0","0","0","0","0","0","0","0","0","0","0","0","0","0","0","0","0","0","0","0","0","0","0","0","0","0","0","0","=","0"
"Fz_1","0","0","0","0","0","0","0","0.88","-1.1","1.1","2.7","-2.6","-2.5","-8.6","0","0","0","0","0","0","0","0","0","0","0","0","0","0","0","0","0","0","0","0","0","0","0","0","0","0","0","0","0","0","0","0","0","0","0","=","-0.99144486137381"
"tx_1","0","0","0","0","0","0","0","-0.039","0.18","0.0043","0.018","-0.019","0.014","0.015","0","0","0","0","0","0","0","0","0","0","0","0","0","0","0","0","0","0","0","0","0","0","0","0","0","0","0","0","0","0","0","0","0","0","0","=","0"
"lb_FDP","0","0","0","0","0","0","0","0","0","0","0","0","0","0","6.7","17","-0.27","-0.76","-1.2","0.4","-1.7","0","0","0","0","0","0","0","0","0","0","0","0","0","0","0","0","0","0","0","0","0","0","0","0","0","0","0","0","=","0.38268343236509"
"lb_FDS","0","0","0","0","0","0","0","0","0","0","0","0","0","0","2.3","4.4","0.61","0.16","-0.19","-3.9","4.9","0","0","0","0","0","0","0","0","0","0","0","0","0","0","0","0","0","0","0","0","0","0","0","0","0","0","0","0","=","0"
"lb_EIP","0","0","0","0","0","0","0","0","0","0","0","0","0","0","0.88","-1.1","1.1","2.7","-2.6","-2.5","-8.6","0","0","0","0","0","0","0","0","0","0","0","0","0","0","0","0","0","0","0","0","0","0","0","0","0","0","0","0","=","-0.923879532511287"
"ub_EIP","0","0","0","0","0","0","0","0","0","0","0","0","0","0","-0.039","0.18","0.0043","0.018","-0.019","0.014","0.015","0","0","0","0","0","0","0","0","0","0","0","0","0","0","0","0","0","0","0","0","0","0","0","0","0","0","0","0","=","0"
"lb_EDC","0","0","0","0","0","0","0","0","0","0","0","0","0","0","0","0","0","0","0","0","0","0.88","-1.1","1.1","2.7","-2.6","-2.5","-8.6","0","0","0","0","0","0","0","0","0","0","0","0","0","0","0","0","0","0","0","0","0","=","-0.866025403784439"
"ub_EDC","0","0","0","0","0","0","0","0","0","0","0","0","0","0","0","0","0","0","0","0","0","-0.039","0.18","0.0043","0.018","-0.019","0.014","0.015","0","0","0","0","0","0","0","0","0","0","0","0","0","0","0","0","0","0","0","0","0","=","0"
"ub_LUM","0","0","0","0","0","0","0","0","0","0","0","0","0","0","0","0","0","0","0","0","0","0","0","0","0","0","0","0","6.7","17","-0.27","-0.76","-1.2","0.4","-1.7","0","0","0","0","0","0","0","0","0","0","0","0","0","0","=","0.38268343236509"
"lb_PI","0","0","0","0","0","0","0","0","0","0","0","0","0","0","0","0","0","0","0","0","0","0","0","0","0","0","0","0","2.3","4.4","0.61","0.16","-0.19","-3.9","4.9","0","0","0","0","0","0","0","0","0","0","0","0","0","0","=","0"
"lb_FDP_1","0","0","0","0","0","0","0","0","0","0","0","0","0","0","0","0","0","0","0","0","0","0","0","0","0","0","0","0","0.88","-1.1","1.1","2.7","-2.6","-2.5","-8.6","0","0","0","0","0","0","0","0","0","0","0","0","0","0","=","-0.923879532511287"
"ub_FDP_1","0","0","0","0","0","0","0","0","0","0","0","0","0","0","0","0","0","0","0","0","0","0","0","0","0","0","0","0","-0.039","0.18","0.0043","0.018","-0.019","0.014","0.015","0","0","0","0","0","0","0","0","0","0","0","0","0","0","=","0"
"lb_FDS_1","0","0","0","0","0","0","0","0","0","0","0","0","0","0","0","0","0","0","0","0","0","0","0","0","0","0","0","0","0","0","0","0","0","0","0","6.7","17","-0.27","-0.76","-1.2","0.4","-1.7","0","0","0","0","0","0","0","=","0.130526192220052"
"ub_FDS_1","0","0","0","0","0","0","0","0","0","0","0","0","0","0","0","0","0","0","0","0","0","0","0","0","0","0","0","0","0","0","0","0","0","0","0","2.3","4.4","0.61","0.16","-0.19","-3.9","4.9","0","0","0","0","0","0","0","=","0"
"Fx_2","0","0","0","0","0","0","0","0","0","0","0","0","0","0","0","0","0","0","0","0","0","0","0","0","0","0","0","0","0","0","0","0","0","0","0","0.88","-1.1","1.1","2.7","-2.6","-2.5","-8.6","0","0","0","0","0","0","0","=","-0.99144486137381"
"Fy_2","0","0","0","0","0","0","0","0","0","0","0","0","0","0","0","0","0","0","0","0","0","0","0","0","0","0","0","0","0","0","0","0","0","0","0","-0.039","0.18","0.0043","0.018","-0.019","0.014","0.015","0","0","0","0","0","0","0","=","0"
"ub_FDP_3","0","0","0","0","0","0","0","0","0","0","0","0","0","0","0","0","0","0","0","0","0","6.7","17","-0.27","-0.76","-1.2","0.4","-1.7","0","0","0","0","0","0","0","0","0","0","0","0","0","0","0","0","0","0","0","0","0","=","0.5"
"lb_FDS_3","0","0","0","0","0","0","0","0","0","0","0","0","0","0","0","0","0","0","0","0","0","2.3","4.4","0.61","0.16","-0.19","-3.9","4.9","0","0","0","0","0","0","0","0","0","0","0","0","0","0","0","0","0","0","0","0","0","=","0"
"Fx_6","0","0","0","0","0","0","0","0","0","0","0","0","0","0","0","0","0","0","0","0","0","0","0","0","0","0","0","0","0","0","0","0","0","0","0","0","0","0","0","0","0","0","6.7","17","-0.27","-0.76","-1.2","0.4","-1.7","=","0"
"Fy_6","0","0","0","0","0","0","0","0","0","0","0","0","0","0","0","0","0","0","0","0","0","0","0","0","0","0","0","0","0","0","0","0","0","0","0","0","0","0","0","0","0","0","2.3","4.4","0.61","0.16","-0.19","-3.9","4.9","=","0"
"Fz_6","0","0","0","0","0","0","0","0","0","0","0","0","0","0","0","0","0","0","0","0","0","0","0","0","0","0","0","0","0","0","0","0","0","0","0","0","0","0","0","0","0","0","0.88","-1.1","1.1","2.7","-2.6","-2.5","-8.6","=","-1"
"tx_6","0","0","0","0","0","0","0","0","0","0","0","0","0","0","0","0","0","0","0","0","0","0","0","0","0","0","0","0","0","0","0","0","0","0","0","0","0","0","0","0","0","0","-0.039","0.18","0.0043","0.018","-0.019","0.014","0.015","=","0"
"Fz_2","-1","0","0","0","0","0","0","0","0","0","0","0","0","0","0","0","0","0","0","0","0","0","0","0","0","0","0","0","0","0","0","0","0","0","0","0","0","0","0","0","0","0","0","0","0","0","0","0","0","<=","0"
"tx_2","0","-1","0","0","0","0","0","0","0","0","0","0","0","0","0","0","0","0","0","0","0","0","0","0","0","0","0","0","0","0","0","0","0","0","0","0","0","0","0","0","0","0","0","0","0","0","0","0","0","<=","0"
"lb_EIP_1","0","0","-1","0","0","0","0","0","0","0","0","0","0","0","0","0","0","0","0","0","0","0","0","0","0","0","0","0","0","0","0","0","0","0","0","0","0","0","0","0","0","0","0","0","0","0","0","0","0","<=","0"
"ub_EIP_1","0","0","1","0","0","0","0","0","0","0","0","0","0","0","0","0","0","0","0","0","0","0","0","0","0","0","0","0","0","0","0","0","0","0","0","0","0","0","0","0","0","0","0","0","0","0","0","0","0","<=","1"
"lb_EDC_1","0","0","0","-1","0","0","0","0","0","0","0","0","0","0","0","0","0","0","0","0","0","0","0","0","0","0","0","0","0","0","0","0","0","0","0","0","0","0","0","0","0","0","0","0","0","0","0","0","0","<=","0"
"ub_EDC_1","0","0","0","1","0","0","0","0","0","0","0","0","0","0","0","0","0","0","0","0","0","0","0","0","0","0","0","0","0","0","0","0","0","0","0","0","0","0","0","0","0","0","0","0","0","0","0","0","0","<=","1"
"lb_LUM_1","0","0","0","0","1","0","0","0","0","0","0","0","0","0","0","0","0","0","0","0","0","0","0","0","0","0","0","0","0","0","0","0","0","0","0","0","0","0","0","0","0","0","0","0","0","0","0","0","0","<=","1"
"ub_LUM_1","0","0","0","0","0","0","-1","0","0","0","0","0","0","0","0","0","0","0","0","0","0","0","0","0","0","0","0","0","0","0","0","0","0","0","0","0","0","0","0","0","0","0","0","0","0","0","0","0","0","<=","0"
"lb_DI_1","0","0","0","0","0","0","0","-1","0","0","0","0","0","0","0","0","0","0","0","0","0","0","0","0","0","0","0","0","0","0","0","0","0","0","0","0","0","0","0","0","0","0","0","0","0","0","0","0","0","<=","0"
"lb_PI_1","0","0","0","0","0","0","0","0","-1","0","0","0","0","0","0","0","0","0","0","0","0","0","0","0","0","0","0","0","0","0","0","0","0","0","0","0","0","0","0","0","0","0","0","0","0","0","0","0","0","<=","0"
"lb_FDS_2","0","0","0","0","0","0","0","0","0","-1","0","0","0","0","0","0","0","0","0","0","0","0","0","0","0","0","0","0","0","0","0","0","0","0","0","0","0","0","0","0","0","0","0","0","0","0","0","0","0","<=","0"
"lb_EIP_2","0","0","0","0","0","0","0","0","0","1","0","0","0","0","0","0","0","0","0","0","0","0","0","0","0","0","0","0","0","0","0","0","0","0","0","0","0","0","0","0","0","0","0","0","0","0","0","0","0","<=","1"
"ub_EIP_2","0","0","0","0","0","0","0","0","0","0","-1","0","0","0","0","0","0","0","0","0","0","0","0","0","0","0","0","0","0","0","0","0","0","0","0","0","0","0","0","0","0","0","0","0","0","0","0","0","0","<=","0"
"lb_EDC_2","0","0","0","0","0","0","0","0","0","0","1","0","0","0","0","0","0","0","0","0","0","0","0","0","0","0","0","0","0","0","0","0","0","0","0","0","0","0","0","0","0","0","0","0","0","0","0","0","0","<=","1"
"ub_LUM_2","0","0","0","0","0","0","0","0","0","0","0","1","0","0","0","0","0","0","0","0","0","0","0","0","0","0","0","0","0","0","0","0","0","0","0","0","0","0","0","0","0","0","0","0","0","0","0","0","0","<=","1"
"Fy_3","0","0","0","0","0","0","0","0","0","0","0","0","0","-1","0","0","0","0","0","0","0","0","0","0","0","0","0","0","0","0","0","0","0","0","0","0","0","0","0","0","0","0","0","0","0","0","0","0","0","<=","0"
"tx_3","0","0","0","0","0","0","0","0","0","0","0","0","0","0","0","-1","0","0","0","0","0","0","0","0","0","0","0","0","0","0","0","0","0","0","0","0","0","0","0","0","0","0","0","0","0","0","0","0","0","<=","0"
"Fx_4","0","0","0","0","0","0","0","0","0","0","0","0","0","0","0","0","-1","0","0","0","0","0","0","0","0","0","0","0","0","0","0","0","0","0","0","0","0","0","0","0","0","0","0","0","0","0","0","0","0","<=","0"
"Fy_4","0","0","0","0","0","0","0","0","0","0","0","0","0","0","0","0","1","0","0","0","0","0","0","0","0","0","0","0","0","0","0","0","0","0","0","0","0","0","0","0","0","0","0","0","0","0","0","0","0","<=","1"
"Fz_4","0","0","0","0","0","0","0","0","0","0","0","0","0","0","0","0","0","-1","0","0","0","0","0","0","0","0","0","0","0","0","0","0","0","0","0","0","0","0","0","0","0","0","0","0","0","0","0","0","0","<=","0"
"tx_4","0","0","0","0","0","0","0","0","0","0","0","0","0","0","0","0","0","1","0","0","0","0","0","0","0","0","0","0","0","0","0","0","0","0","0","0","0","0","0","0","0","0","0","0","0","0","0","0","0","<=","1"
"-Fx_3","0","0","0","0","0","0","0","0","0","0","0","0","0","0","0","0","0","0","1","0","0","0","0","0","0","0","0","0","0","0","0","0","0","0","0","0","0","0","0","0","0","0","0","0","0","0","0","0","0","<=","1"
"-Fy_3","0","0","0","0","0","0","0","0","0","0","0","0","0","0","0","0","0","0","0","0","-1","0","0","0","0","0","0","0","0","0","0","0","0","0","0","0","0","0","0","0","0","0","0","0","0","0","0","0","0","<=","0"
"ub_EDC_3","0","0","0","0","0","0","0","0","0","0","0","0","0","0","0","0","0","0","0","0","0","0","-1","0","0","0","0","0","0","0","0","0","0","0","0","0","0","0","0","0","0","0","0","0","0","0","0","0","0","<=","0"
"lb_LUM_3","0","0","0","0","0","0","0","0","0","0","0","0","0","0","0","0","0","0","0","0","0","0","0","-1","0","0","0","0","0","0","0","0","0","0","0","0","0","0","0","0","0","0","0","0","0","0","0","0","0","<=","0"
"ub_LUM_3","0","0","0","0","0","0","0","0","0","0","0","0","0","0","0","0","0","0","0","0","0","0","0","1","0","0","0","0","0","0","0","0","0","0","0","0","0","0","0","0","0","0","0","0","0","0","0","0","0","<=","1"
"lb_DI_3","0","0","0","0","0","0","0","0","0","0","0","0","0","0","0","0","0","0","0","0","0","0","0","0","-1","0","0","0","0","0","0","0","0","0","0","0","0","0","0","0","0","0","0","0","0","0","0","0","0","<=","0"
"ub_DI_3","0","0","0","0","0","0","0","0","0","0","0","0","0","0","0","0","0","0","0","0","0","0","0","0","1","0","0","0","0","0","0","0","0","0","0","0","0","0","0","0","0","0","0","0","0","0","0","0","0","<=","1"
"lb_PI_3","0","0","0","0","0","0","0","0","0","0","0","0","0","0","0","0","0","0","0","0","0","0","0","0","0","-1","0","0","0","0","0","0","0","0","0","0","0","0","0","0","0","0","0","0","0","0","0","0","0","<=","0"
"lb_FDP_4","0","0","0","0","0","0","0","0","0","0","0","0","0","0","0","0","0","0","0","0","0","0","0","0","0","1","0","0","0","0","0","0","0","0","0","0","0","0","0","0","0","0","0","0","0","0","0","0","0","<=","1"
"ub_FDS_4","0","0","0","0","0","0","0","0","0","0","0","0","0","0","0","0","0","0","0","0","0","0","0","0","0","0","0","-1","0","0","0","0","0","0","0","0","0","0","0","0","0","0","0","0","0","0","0","0","0","<=","0"
"Fx_5","0","0","0","0","0","0","0","0","0","0","0","0","0","0","0","0","0","0","0","0","0","0","0","0","0","0","0","0","0","-1","0","0","0","0","0","0","0","0","0","0","0","0","0","0","0","0","0","0","0","<=","0"
"Fz_5","0","0","0","0","0","0","0","0","0","0","0","0","0","0","0","0","0","0","0","0","0","0","0","0","0","0","0","0","0","0","-1","0","0","0","0","0","0","0","0","0","0","0","0","0","0","0","0","0","0","<=","0"
"tx_5","0","0","0","0","0","0","0","0","0","0","0","0","0","0","0","0","0","0","0","0","0","0","0","0","0","0","0","0","0","0","1","0","0","0","0","0","0","0","0","0","0","0","0","0","0","0","0","0","0","<=","1"
"lb_EDC_4","0","0","0","0","0","0","0","0","0","0","0","0","0","0","0","0","0","0","0","0","0","0","0","0","0","0","0","0","0","0","0","-1","0","0","0","0","0","0","0","0","0","0","0","0","0","0","0","0","0","<=","0"
"ub_EDC_4","0","0","0","0","0","0","0","0","0","0","0","0","0","0","0","0","0","0","0","0","0","0","0","0","0","0","0","0","0","0","0","1","0","0","0","0","0","0","0","0","0","0","0","0","0","0","0","0","0","<=","1"
"ub_LUM_4","0","0","0","0","0","0","0","0","0","0","0","0","0","0","0","0","0","0","0","0","0","0","0","0","0","0","0","0","0","0","0","0","1","0","0","0","0","0","0","0","0","0","0","0","0","0","0","0","0","<=","1"
"lb_PI_4","0","0","0","0","0","0","0","0","0","0","0","0","0","0","0","0","0","0","0","0","0","0","0","0","0","0","0","0","0","0","0","0","0","0","-1","0","0","0","0","0","0","0","0","0","0","0","0","0","0","<=","0"
"lb_FDP_5","0","0","0","0","0","0","0","0","0","0","0","0","0","0","0","0","0","0","0","0","0","0","0","0","0","0","0","0","0","0","0","0","0","0","0","-1","0","0","0","0","0","0","0","0","0","0","0","0","0","<=","0"
"lb_FDS_5","0","0","0","0","0","0","0","0","0","0","0","0","0","0","0","0","0","0","0","0","0","0","0","0","0","0","0","0","0","0","0","0","0","0","0","0","-1","0","0","0","0","0","0","0","0","0","0","0","0","<=","0"
"lb_EIP_5","0","0","0","0","0","0","0","0","0","0","0","0","0","0","0","0","0","0","0","0","0","0","0","0","0","0","0","0","0","0","0","0","0","0","0","0","0","-1","0","0","0","0","0","0","0","0","0","0","0","<=","0"
"ub_EIP_5","0","0","0","0","0","0","0","0","0","0","0","0","0","0","0","0","0","0","0","0","0","0","0","0","0","0","0","0","0","0","0","0","0","0","0","0","0","1","0","0","0","0","0","0","0","0","0","0","0","<=","1"
"lb_EDC_5","0","0","0","0","0","0","0","0","0","0","0","0","0","0","0","0","0","0","0","0","0","0","0","0","0","0","0","0","0","0","0","0","0","0","0","0","0","0","-1","0","0","0","0","0","0","0","0","0","0","<=","0"
"ub_EDC_5","0","0","0","0","0","0","0","0","0","0","0","0","0","0","0","0","0","0","0","0","0","0","0","0","0","0","0","0","0","0","0","0","0","0","0","0","0","0","1","0","0","0","0","0","0","0","0","0","0","<=","1"
"ub_LUM_5","0","0","0","0","0","0","0","0","0","0","0","0","0","0","0","0","0","0","0","0","0","0","0","0","0","0","0","0","0","0","0","0","0","0","0","0","0","0","0","1","0","0","0","0","0","0","0","0","0","<=","1"
"lb_PI_5","0","0","0","0","0","0","0","0","0","0","0","0","0","0","0","0","0","0","0","0","0","0","0","0","0","0","0","0","0","0","0","0","0","0","0","0","0","0","0","0","0","-1","0","0","0","0","0","0","0","<=","0"
"lb_FDP_6","0","0","0","0","0","0","0","0","0","0","0","0","0","0","0","0","0","0","0","0","0","0","0","0","0","0","0","0","0","0","0","0","0","0","0","0","0","0","0","0","0","0","-1","0","0","0","0","0","0","<=","0"
"lb_FDS_6","0","0","0","0","0","0","0","0","0","0","0","0","0","0","0","0","0","0","0","0","0","0","0","0","0","0","0","0","0","0","0","0","0","0","0","0","0","0","0","0","0","0","0","-1","0","0","0","0","0","<=","0"
"lb_EIP_6","0","0","0","0","0","0","0","0","0","0","0","0","0","0","0","0","0","0","0","0","0","0","0","0","0","0","0","0","0","0","0","0","0","0","0","0","0","0","0","0","0","0","0","0","-1","0","0","0","0","<=","0"
"ub_EIP_6","0","0","0","0","0","0","0","0","0","0","0","0","0","0","0","0","0","0","0","0","0","0","0","0","0","0","0","0","0","0","0","0","0","0","0","0","0","0","0","0","0","0","0","0","1","0","0","0","0","<=","1"
"lb_EDC_6","0","0","0","0","0","0","0","0","0","0","0","0","0","0","0","0","0","0","0","0","0","0","0","0","0","0","0","0","0","0","0","0","0","0","0","0","0","0","0","0","0","0","0","0","0","-1","0","0","0","<=","0"
"ub_EDC_6","0","0","0","0","0","0","0","0","0","0","0","0","0","0","0","0","0","0","0","0","0","0","0","0","0","0","0","0","0","0","0","0","0","0","0","0","0","0","0","0","0","0","0","0","0","1","0","0","0","<=","1"
"ub_LUM_6","0","0","0","0","0","0","0","0","0","0","0","0","0","0","0","0","0","0","0","0","0","0","0","0","0","0","0","0","0","0","0","0","0","0","0","0","0","0","0","0","0","0","0","0","0","0","1","0","0","<=","1"
"lb_PI_6","0","0","0","0","0","0","0","0","0","0","0","0","0","0","0","0","0","0","0","0","0","0","0","0","0","0","0","0","0","0","0","0","0","0","0","0","0","0","0","0","0","0","0","0","0","0","0","0","-1","<=","0"
"EIP_to_EIP_1_positive_velocitylimit","0","0","-1","0","0","0","0","0","0","1","0","0","0","0","0","0","0","0","0","0","0","0","0","0","0","0","0","0","0","0","0","0","0","0","0","0","0","0","0","0","0","0","0","0","0","0","0","0","0","<=","0.05"
"EDC_to_EDC_1_positive_velocitylimit","0","0","0","-1","0","0","0","0","0","0","1","0","0","0","0","0","0","0","0","0","0","0","0","0","0","0","0","0","0","0","0","0","0","0","0","0","0","0","0","0","0","0","0","0","0","0","0","0","0","<=","0.05"
"LUM_to_LUM_1_positive_velocitylimit","0","0","0","0","-1","0","0","0","0","0","0","1","0","0","0","0","0","0","0","0","0","0","0","0","0","0","0","0","0","0","0","0","0","0","0","0","0","0","0","0","0","0","0","0","0","0","0","0","0","<=","0.05"
"DI_to_DI_1_positive_velocitylimit","0","0","0","0","0","-1","0","0","0","0","0","0","1","0","0","0","0","0","0","0","0","0","0","0","0","0","0","0","0","0","0","0","0","0","0","0","0","0","0","0","0","0","0","0","0","0","0","0","0","<=","0.05"
"EIP_to_EIP_1_negative_velocitylimit","0","0","1","0","0","0","0","0","0","-1","0","0","0","0","0","0","0","0","0","0","0","0","0","0","0","0","0","0","0","0","0","0","0","0","0","0","0","0","0","0","0","0","0","0","0","0","0","0","0","<=","0.05"
"EDC_to_EDC_1_negative_velocitylimit","0","0","0","1","0","0","0","0","0","0","-1","0","0","0","0","0","0","0","0","0","0","0","0","0","0","0","0","0","0","0","0","0","0","0","0","0","0","0","0","0","0","0","0","0","0","0","0","0","0","<=","0.05"
"LUM_to_LUM_1_negative_velocitylimit","0","0","0","0","1","0","0","0","0","0","0","-1","0","0","0","0","0","0","0","0","0","0","0","0","0","0","0","0","0","0","0","0","0","0","0","0","0","0","0","0","0","0","0","0","0","0","0","0","0","<=","0.05"
"EIP_1_to_EIP_2_positive_velocitylimit","0","0","0","0","0","0","0","0","0","-1","0","0","0","0","0","0","1","0","0","0","0","0","0","0","0","0","0","0","0","0","0","0","0","0","0","0","0","0","0","0","0","0","0","0","0","0","0","0","0","<=","0.05"
"EDC_1_to_EDC_2_positive_velocitylimit","0","0","0","0","0","0","0","0","0","0","-1","0","0","0","0","0","0","1","0","0","0","0","0","0","0","0","0","0","0","0","0","0","0","0","0","0","0","0","0","0","0","0","0","0","0","0","0","0","0","<=","0.05"
"LUM_1_to_LUM_2_positive_velocitylimit","0","0","0","0","0","0","0","0","0","0","0","-1","0","0","0","0","0","0","1","0","0","0","0","0","0","0","0","0","0","0","0","0","0","0","0","0","0","0","0","0","0","0","0","0","0","0","0","0","0","<=","0.05"
"DI_1_to_DI_2_positive_velocitylimit","0","0","0","0","0","0","0","0","0","0","0","0","-1","0","0","0","0","0","0","1","0","0","0","0","0","0","0","0","0","0","0","0","0","0","0","0","0","0","0","0","0","0","0","0","0","0","0","0","0","<=","0.05"
"EIP_1_to_EIP_2_negative_velocitylimit","0","0","0","0","0","0","0","0","0","1","0","0","0","0","0","0","-1","0","0","0","0","0","0","0","0","0","0","0","0","0","0","0","0","0","0","0","0","0","0","0","0","0","0","0","0","0","0","0","0","<=","0.05"
"EDC_1_to_EDC_2_negative_velocitylimit","0","0","0","0","0","0","0","0","0","0","1","0","0","0","0","0","0","-1","0","0","0","0","0","0","0","0","0","0","0","0","0","0","0","0","0","0","0","0","0","0","0","0","0","0","0","0","0","0","0","<=","0.05"
"LUM_1_to_LUM_2_negative_velocitylimit","0","0","0","0","0","0","0","0","0","0","0","1","0","0","0","0","0","0","-1","0","0","0","0","0","0","0","0","0","0","0","0","0","0","0","0","0","0","0","0","0","0","0","0","0","0","0","0","0","0","<=","0.05"
"EIP_2_to_EIP_3_positive_velocitylimit","0","0","0","0","0","0","0","0","0","0","0","0","0","0","0","0","-1","0","0","0","0","0","0","1","0","0","0","0","0","0","0","0","0","0","0","0","0","0","0","0","0","0","0","0","0","0","0","0","0","<=","0.05"
"EDC_2_to_EDC_3_positive_velocitylimit","0","0","0","0","0","0","0","0","0","0","0","0","0","0","0","0","0","-1","0","0","0","0","0","0","1","0","0","0","0","0","0","0","0","0","0","0","0","0","0","0","0","0","0","0","0","0","0","0","0","<=","0.05"
"LUM_2_to_LUM_3_positive_velocitylimit","0","0","0","0","0","0","0","0","0","0","0","0","0","0","0","0","0","0","-1","0","0","0","0","0","0","1","0","0","0","0","0","0","0","0","0","0","0","0","0","0","0","0","0","0","0","0","0","0","0","<=","0.05"
"DI_2_to_DI_3_positive_velocitylimit","0","0","0","0","0","0","0","0","0","0","0","0","0","0","0","0","0","0","0","-1","0","0","0","0","0","0","1","0","0","0","0","0","0","0","0","0","0","0","0","0","0","0","0","0","0","0","0","0","0","<=","0.05"
"EIP_2_to_EIP_3_negative_velocitylimit","0","0","0","0","0","0","0","0","0","0","0","0","0","0","0","0","1","0","0","0","0","0","0","-1","0","0","0","0","0","0","0","0","0","0","0","0","0","0","0","0","0","0","0","0","0","0","0","0","0","<=","0.05"
"EDC_2_to_EDC_3_negative_velocitylimit","0","0","0","0","0","0","0","0","0","0","0","0","0","0","0","0","0","1","0","0","0","0","0","0","-1","0","0","0","0","0","0","0","0","0","0","0","0","0","0","0","0","0","0","0","0","0","0","0","0","<=","0.05"
"LUM_2_to_LUM_3_negative_velocitylimit","0","0","0","0","0","0","0","0","0","0","0","0","0","0","0","0","0","0","1","0","0","0","0","0","0","-1","0","0","0","0","0","0","0","0","0","0","0","0","0","0","0","0","0","0","0","0","0","0","0","<=","0.05"
"DI_2_to_DI_3_negative_velocitylimit","0","0","0","0","0","0","0","0","0","0","0","0","0","0","0","0","0","0","0","1","0","0","0","0","0","0","-1","0","0","0","0","0","0","0","0","0","0","0","0","0","0","0","0","0","0","0","0","0","0","<=","0.05"
"EIP_3_to_EIP_4_positive_velocitylimit","0","0","0","0","0","0","0","0","0","0","0","0","0","0","0","0","0","0","0","0","0","0","0","-1","0","0","0","0","0","0","1","0","0","0","0","0","0","0","0","0","0","0","0","0","0","0","0","0","0","<=","0.05"
"EDC_3_to_EDC_4_positive_velocitylimit","0","0","0","0","0","0","0","0","0","0","0","0","0","0","0","0","0","0","0","0","0","0","0","0","-1","0","0","0","0","0","0","1","0","0","0","0","0","0","0","0","0","0","0","0","0","0","0","0","0","<=","0.05"
"LUM_3_to_LUM_4_positive_velocitylimit","0","0","0","0","0","0","0","0","0","0","0","0","0","0","0","0","0","0","0","0","0","0","0","0","0","-1","0","0","0","0","0","0","1","0","0","0","0","0","0","0","0","0","0","0","0","0","0","0","0","<=","0.05"
"DI_3_to_DI_4_positive_velocitylimit","0","0","0","0","0","0","0","0","0","0","0","0","0","0","0","0","0","0","0","0","0","0","0","0","0","0","-1","0","0","0","0","0","0","1","0","0","0","0","0","0","0","0","0","0","0","0","0","0","0","<=","0.05"
"EIP_3_to_EIP_4_negative_velocitylimit","0","0","0","0","0","0","0","0","0","0","0","0","0","0","0","0","0","0","0","0","0","0","0","1","0","0","0","0","0","0","-1","0","0","0","0","0","0","0","0","0","0","0","0","0","0","0","0","0","0","<=","0.05"
"EDC_3_to_EDC_4_negative_velocitylimit","0","0","0","0","0","0","0","0","0","0","0","0","0","0","0","0","0","0","0","0","0","0","0","0","1","0","0","0","0","0","0","-1","0","0","0","0","0","0","0","0","0","0","0","0","0","0","0","0","0","<=","0.05"
"LUM_3_to_LUM_4_negative_velocitylimit","0","0","0","0","0","0","0","0","0","0","0","0","0","0","0","0","0","0","0","0","0","0","0","0","0","1","0","0","0","0","0","0","-1","0","0","0","0","0","0","0","0","0","0","0","0","0","0","0","0","<=","0.05"
"DI_3_to_DI_4_negative_velocitylimit","0","0","0","0","0","0","0","0","0","0","0","0","0","0","0","0","0","0","0","0","0","0","0","0","0","0","1","0","0","0","0","0","0","-1","0","0","0","0","0","0","0","0","0","0","0","0","0","0","0","<=","0.05"
"EIP_4_to_EIP_5_positive_velocitylimit","0","0","0","0","0","0","0","0","0","0","0","0","0","0","0","0","0","0","0","0","0","0","0","0","0","0","0","0","0","0","-1","0","0","0","0","0","0","1","0","0","0","0","0","0","0","0","0","0","0","<=","0.05"
"EDC_4_to_EDC_5_positive_velocitylimit","0","0","0","0","0","0","0","0","0","0","0","0","0","0","0","0","0","0","0","0","0","0","0","0","0","0","0","0","0","0","0","-1","0","0","0","0","0","0","1","0","0","0","0","0","0","0","0","0","0","<=","0.05"
"LUM_4_to_LUM_5_positive_velocitylimit","0","0","0","0","0","0","0","0","0","0","0","0","0","0","0","0","0","0","0","0","0","0","0","0","0","0","0","0","0","0","0","0","-1","0","0","0","0","0","0","1","0","0","0","0","0","0","0","0","0","<=","0.05"
"EIP_4_to_EIP_5_negative_velocitylimit","0","0","0","0","0","0","0","0","0","0","0","0","0","0","0","0","0","0","0","0","0","0","0","0","0","0","0","0","0","0","1","0","0","0","0","0","0","-1","0","0","0","0","0","0","0","0","0","0","0","<=","0.05"
"EDC_4_to_EDC_5_negative_velocitylimit","0","0","0","0","0","0","0","0","0","0","0","0","0","0","0","0","0","0","0","0","0","0","0","0","0","0","0","0","0","0","0","1","0","0","0","0","0","0","-1","0","0","0","0","0","0","0","0","0","0","<=","0.05"
"LUM_4_to_LUM_5_negative_velocitylimit","0","0","0","0","0","0","0","0","0","0","0","0","0","0","0","0","0","0","0","0","0","0","0","0","0","0","0","0","0","0","0","0","1","0","0","0","0","0","0","-1","0","0","0","0","0","0","0","0","0","<=","0.05"
"DI_4_to_DI_5_negative_velocitylimit","0","0","0","0","0","0","0","0","0","0","0","0","0","0","0","0","0","0","0","0","0","0","0","0","0","0","0","0","0","0","0","0","0","1","0","0","0","0","0","0","-1","0","0","0","0","0","0","0","0","<=","0.05"
"EIP_5_to_EIP_6_positive_velocitylimit","0","0","0","0","0","0","0","0","0","0","0","0","0","0","0","0","0","0","0","0","0","0","0","0","0","0","0","0","0","0","0","0","0","0","0","0","0","-1","0","0","0","0","0","0","1","0","0","0","0","<=","0.05"
"EDC_5_to_EDC_6_positive_velocitylimit","0","0","0","0","0","0","0","0","0","0","0","0","0","0","0","0","0","0","0","0","0","0","0","0","0","0","0","0","0","0","0","0","0","0","0","0","0","0","-1","0","0","0","0","0","0","1","0","0","0","<=","0.05"
"LUM_5_to_LUM_6_positive_velocitylimit","0","0","0","0","0","0","0","0","0","0","0","0","0","0","0","0","0","0","0","0","0","0","0","0","0","0","0","0","0","0","0","0","0","0","0","0","0","0","0","-1","0","0","0","0","0","0","1","0","0","<=","0.05"
"EIP_5_to_EIP_6_negative_velocitylimit","0","0","0","0","0","0","0","0","0","0","0","0","0","0","0","0","0","0","0","0","0","0","0","0","0","0","0","0","0","0","0","0","0","0","0","0","0","1","0","0","0","0","0","0","-1","0","0","0","0","<=","0.05"
"EDC_5_to_EDC_6_negative_velocitylimit","0","0","0","0","0","0","0","0","0","0","0","0","0","0","0","0","0","0","0","0","0","0","0","0","0","0","0","0","0","0","0","0","0","0","0","0","0","0","1","0","0","0","0","0","0","-1","0","0","0","<=","0.05"
"LUM_5_to_LUM_6_negative_velocitylimit","0","0","0","0","0","0","0","0","0","0","0","0","0","0","0","0","0","0","0","0","0","0","0","0","0","0","0","0","0","0","0","0","0","0","0","0","0","0","0","1","0","0","0","0","0","0","-1","0","0","<=","0.05"
"DI_5_to_DI_6_negative_velocitylimit","0","0","0","0","0","0","0","0","0","0","0","0","0","0","0","0","0","0","0","0","0","0","0","0","0","0","0","0","0","0","0","0","0","0","0","0","0","0","0","0","1","0","0","0","0","0","0","-1","0","<=","0.05"
